<xml>
	<value key="RedTeam">1</value>
	<value key="RedCorner">2</value>

	<value key="GreenTeam">10</value>
	<value key="GreenCorner">4</value>
	
	<value key="OG">3</value>
	<value key="OR">4</value>
	
	<value key="Red_LL_x">0</value>
	<value key="Red_LL_y">7</value>

	<value key="Red_UR_x">8</value>
	<value key="Red_UR_y">12</value>

	<value key="Green_LL_x">4</value>
	<value key="Green_LL_y">0</value>

	<value key="Green_UR_x">12</value>
	<value key="Green_UR_y">5</value>

	<value key="ZC_R_x">4</value>
	<value key="ZC_R_y">9</value>

	<value key="ZO_R_x">3</value>
	<value key="ZO_R_y">10</value>

	<value key="ZC_G_x">8</value>
	<value key="ZC_G_y">3</value>

	<value key="ZO_G_x">9</value>
	<value key="ZO_G_y">2</value>

	<value key="SH_LL_x">8</value>
	<value key="SH_LL_y">9</value>

	<value key="SH_UR_x">11</value>
	<value key="SH_UR_y">10</value>

	<value key="SV_LL_x">10</value>
	<value key="SV_LL_y">5</value>

	<value key="SV_UR_x">11</value>
	<value key="SV_UR_y">10</value>

	<value key="SR_LL_x">1</value>
	<value key="SR_LL_y">9</value>

	<value key="SR_UR_x">2</value>
	<value key="SR_UR_y">11</value>

	<value key="SG_LL_x">9</value>
	<value key="SG_LL_y">1</value>

	<value key="SG_UR_x">11</value>
	<value key="SG_UR_y">2</value>

</xml>
